channel_id,tags,channel_title,profile_picture,list_id,view_count
UC_a1J_HC8REyKltHyiR7wxA,"[Só na Conversa,React,Jogos Comfy,Jogos Hardcore,Jogos Competitivos,Jogos Indies,Jogos de Terror,VRChat,Karaoke]",Moshi,https://yt3.ggpht.com/yltwRf4tneQwy4_O4nCGap6oew8lW1GYFhjRXCQS6gu_4cy0UyCx_HVpnZe9g3E7lF2ny_jLvX4=s240-c-k-c0x00ffffff-no-rj,UU_a1J_HC8REyKltHyiR7wxA,326930
UC_J9pICyVljKjmMi-rUHRFA,"[Só na Conversa,React,Podcast,Cozy,Jogos Comfy,Jogos Hardcore,Jogos Competitivos,Jogos Indies,Jogos de Terror,Minecraft,Roblox,Karaoke]",Honey Beaufort,https://yt3.ggpht.com/RkL6_CeBg2ZgOGYvFxcOgg3BZDJB4UgH3h5uecT9TM2mBPEWiYq7Gor8bQk-tSkdAMit9_44Cg=s240-c-k-c0x00ffffff-no-rj,UU_J9pICyVljKjmMi-rUHRFA,28926
UC_lJSM__OZqplbxGTyNqcWA,"[Só na Conversa,React,Cozy,Jogos Comfy,Jogos Competitivos,Jogos Indies,Minecraft,Roblox,Karaoke,Arte]",Emilly Michalskii,https://yt3.ggpht.com/Rf46Tg4n4wbPJy-kCaYNZBBeLxKc-H4H8p7lMTgKOyq4nT8QYeLcw8wlUidKufrRs3IiyAZZEQ=s240-c-k-c0x00ffffff-no-rj,UU_lJSM__OZqplbxGTyNqcWA,30842
UC-1abAA6KVJdPYLD8HnJmgw,"[Só na Conversa,Roleplay,Cozy,Jogos Indies,Jogos de Terror,Minecraft,Roblox,Karaoke,Arte]",MiukyMeiryn,https://yt3.ggpht.com/VL-6J9GbG9M_6gZ6K6aAP1HWOww_6EAoOpqKOMYWGtxpsGPoZIpZZn2mHlfdlHr_i_DvG2h26x4=s240-c-k-c0x00ffffff-no-rj,UU-1abAA6KVJdPYLD8HnJmgw,174147
UC-6fElWr8VUZdWQP0v9gLYg,"[Só na Conversa,React,Roleplay,Cozy,Adulto,Jogos Comfy,Jogos Hardcore,Jogos Indies,Jogos de Terror,Roblox]",Rkita,https://yt3.ggpht.com/z8pr07u_qJsWoGZh47u3xokulEyCOjTRYpPrW1azvB18cpDPB0_VcRV-AxuzSF3bNyQZ2lpGGg=s240-c-k-c0x00ffffff-no-rj,UU-6fElWr8VUZdWQP0v9gLYg,68227
UC0lRsG6-_GWSz0oj5Yo7RZQ,"[Só na Conversa,Cozy,Jogos Comfy,Jogos Indies]",beezedim,https://yt3.ggpht.com/UycPAfsmqApMt2zC1HR3EhlVu8AVz23PI1DYG46kuerZOKh7tWnlcyJEk74l5lDe-ggjipI7=s240-c-k-c0x00ffffff-no-rj,UU0lRsG6-_GWSz0oj5Yo7RZQ,90929
UC0p-FI_Bb5935g4cCiaxzww,"[Só na Conversa,React,Jogos Indies,Roblox,VRChat,Karaoke,Arte]",Alineihgena,https://yt3.ggpht.com/KGdEdcg6TynwpUhGnnWu5M41xefOfqkfdDDR0wSoeLV9gWuKpm1vPizlJN_GEjKhcnZFLLow=s240-c-k-c0x00ffffff-no-rj,UU0p-FI_Bb5935g4cCiaxzww,2086622
UC0p2i2o4_AysNzqexcq19Tw,"[Só na Conversa,Adulto,GFE,Jogos Comfy,Jogos Hardcore,Jogos Indies,Jogos de Terror]",VampireAdros,https://yt3.ggpht.com/Ci_lSnMxLM0uZKf946oy7aGkycXUBJ43H6JK90qxCCaVZBM4gOEqIgXnKwGGmfZjBqOJPIJVgQ=s240-c-k-c0x00ffffff-no-rj,UU0p2i2o4_AysNzqexcq19Tw,65359
UC0sC2Ho7nj08LY2Oa39LTrQ,"[Só na Conversa,Opinião,React,Roleplay,Jogos Comfy,Jogos Hardcore,Jogos Competitivos,Jogos Indies,Jogos de Terror,Minecraft,Roblox,VRChat,Karaoke,ASMR]",Little Barra 🕷️ BNB | Vtuber,https://yt3.ggpht.com/pjbB3bDwX6_4ArGA5eiFneKXAP2ZRc__z7BvKTSv62EnpKUH2ggIkDLXa-nvCbsVCWhcr2G96Q=s240-c-k-c0x00ffffff-no-rj,UU0sC2Ho7nj08LY2Oa39LTrQ,176456
UC11zKcFjjj1SvNW8AxBqR0A,"[Só na Conversa,React,Jogos Indies,Jogos de Terror,Arte]",RLeona_Art,https://yt3.ggpht.com/G0adCsmxkNm6Gz9VsOViHB8nb3dC1IqYtsVG_0zJ9kWvvko6wqw--Xe7EJrLr-lK6wXdmzT5Lg=s240-c-k-c0x00ffffff-no-rj,UU11zKcFjjj1SvNW8AxBqR0A,8550
UC1GALAyF5RsMSJFMEViYMDA,"[Só na Conversa,React,Jogos Comfy,Jogos Hardcore,Jogos Competitivos,Jogos Indies,Jogos de Terror,Minecraft]",Alan Hyakuya,https://yt3.ggpht.com/ik3p5TBgAWFXOEaSpLf2jFsCikOYDhXu3siQsCC6mHxKhyqcQJe2nrz_tNoHYSGRPY6g0Tb0=s240-c-k-c0x00ffffff-no-rj,UU1GALAyF5RsMSJFMEViYMDA,20713
UC1lVxNbWyb44FjazqdNdGUA,"[Só na Conversa,React,Roleplay,Cozy,Jogos Comfy,Jogos Competitivos,Jogos Indies,Jogos de Terror,Minecraft,Roblox,ASMR]",Colette Kelley,https://yt3.ggpht.com/rOjEBtKcij2nWS5xDbJk-b9aBGB9oYbukRpj-QdSM62K40O9aqsYxzkhHx6Bjj_gidxlXMfuy4c=s240-c-k-c0x00ffffff-no-rj,UU1lVxNbWyb44FjazqdNdGUA,210784
UC2aHwQzCtoX8fggOi2_ouZQ,"[Jogos Comfy,Jogos Hardcore,Jogos Competitivos,Jogos Indies,Jogos de Terror,VRChat,Karaoke]",Ferdi D. FogoLard,https://yt3.ggpht.com/tdoyeJbXCclZSHifu3kk27Pj0xpStdy02FRf4-IlLcRPWSpCpJ6xWQhZplggGYo6pVGwz10uow=s240-c-k-c0x00ffffff-no-rj,UU2aHwQzCtoX8fggOi2_ouZQ,166728
UC2kTxtKTvONH-MM7UqZDxUw,"[Só na Conversa,React,Cozy,Jogos Comfy,Jogos Competitivos,Jogos Indies,Jogos de Terror,Minecraft,Roblox]",faithvampire,https://yt3.ggpht.com/UvNNhsZFOoO3-nDVm8fo-VIC3g82QE1GikuO3BU2CJ0oqvLfxcJ6XXi0E2x20n2gbU9xcehrkQ=s240-c-k-c0x00ffffff-no-rj,UU2kTxtKTvONH-MM7UqZDxUw,1063
UC30WoYb2ilmHb018QCSa8wA,"[Só na Conversa,React,Minecraft,Roblox,Arte]",Yukah Rakugaki,https://yt3.ggpht.com/4jQlq7Xz6hHrhIaRWmgSOw6J7U0x2073WPtSVuquQCEG4kf3y5fl0LHOZzMmDO3H71Kk6k0cXQ=s240-c-k-c0x00ffffff-no-rj,UU30WoYb2ilmHb018QCSa8wA,70047
UC3EdQDxTdfsSmWOZTzcJveg,"[Só na Conversa,Opinião,React]",YMIY__,https://yt3.ggpht.com/uy_JH-NXKleW49zzlCSeoipN5yDQVGNpzxNliM4ivJ5pLJdtq5oXDJ1mG0EGC7YYrV9UFArS=s240-c-k-c0x00ffffff-no-rj,UU3EdQDxTdfsSmWOZTzcJveg,158446
UC3XMVZ9yG053GYSWuy-mOUQ,"[Só na Conversa,Opinião,React,Roleplay,Adulto,Jogos Competitivos,Jogos Indies,Jogos de Terror,Minecraft,Roblox,VRChat,Karaoke,ASMR]",Ani_Lord,https://yt3.ggpht.com/eVaBm5tWgptCetWLBll5_b1MiKBbRxUWrvEb3ES68kPdS_U1WMnmM2_QIy_erbzbqk3Q5G1e=s240-c-k-c0x00ffffff-no-rj,UU3XMVZ9yG053GYSWuy-mOUQ,171141
UC53fvEatrohlEXld7af2PTQ,"[React,Jogos Indies,Minecraft,Arte]",Lycan Ch.,https://yt3.ggpht.com/E0CYxCaAtppzSN44f-lU_BUxb2WZSB3_Sz9rzhj93gU1X05UPeCaicfLCVuea0ZQsl5UAtoUXg=s240-c-k-c0x00ffffff-no-rj,UU53fvEatrohlEXld7af2PTQ,29202
UC5b1NSNqsEVG31xFDjprA5w,"[Só na Conversa,React,Jogos Comfy,Jogos Hardcore,Jogos Indies]",Riddle Snowcraft,https://yt3.ggpht.com/wmExW3XPRZyaKzk-WhK8xizpECuXFfnOpjHknNin9eBQVhANky8y-zET5aOEva0LHQRd1Rzfg9I=s240-c-k-c0x00ffffff-no-rj,UU5b1NSNqsEVG31xFDjprA5w,900936
UC5LIHZXqCjXK3vxjVmSc3Pg,"[Só na Conversa,React,Cozy,Adulto,Jogos Comfy,Jogos Hardcore,Jogos Indies,Jogos de Terror,Karaoke]",MayuyuVT,https://yt3.ggpht.com/hFrnxkQbXTrOo8oVNzV0Rh0omJA6CROLdvWw-nf70zOKFfFEC03m4vUwRMbjpHtIr_kkoynP9g=s240-c-k-c0x00ffffff-no-rj,UU5LIHZXqCjXK3vxjVmSc3Pg,798812
UC5Sj3_OtgUrtgW8Qs1irvIA,"[Só na Conversa,React,Jogos Competitivos,Jogos de Terror,Minecraft,Roblox]",LanciVTuber,https://yt3.ggpht.com/RR9f2hMzWYYzUZQ0TDIbFo9m8P6xRLIyxJOSeZmpkxhx2Y7MnBzT3wDg425j-mVNDONVPM4YVQ=s240-c-k-c0x00ffffff-no-rj,UU5Sj3_OtgUrtgW8Qs1irvIA,174048
UC6jGJYzmfvVbC3FLQqbOq5A,"[Só na Conversa,Opinião,Jogos Comfy,Jogos Competitivos,Jogos Indies,Jogos de Terror,Minecraft,Roblox,Karaoke,Arte]",RoCkLoLoVe,https://yt3.ggpht.com/w2V5d2a2B_xGz_dMGFVGF3SFRnn63MYsmTwBMWqyRdX3CWpaFilNg_1EPGZzKG5uOmKLhaUkPA=s240-c-k-c0x00ffffff-no-rj,UU6jGJYzmfvVbC3FLQqbOq5A,13121
UC6Ryn6EBqNda6KxOPvWwVUQ,"[Só na Conversa,Jogos Comfy,Jogos Indies,VRChat,Arte]",Feneko Amy,https://yt3.ggpht.com/EA0LWCU5--s6VkuvoDbc8AMfn2P8F1AgzPhc_9qTWURJxhHJZkXnXhdVz3BcLucCH3U9VdCdEw=s240-c-k-c0x00ffffff-no-rj,UU6Ryn6EBqNda6KxOPvWwVUQ,871196
UC6S-votuimnTiOj1WupmeAg,"[Só na Conversa,React,Jogos Indies,Jogos de Terror,Minecraft]",Akyon,https://yt3.ggpht.com/24HMuB6Lzrrs7buaUOsF141uvtrCL-qKg1o6f7kDCnqFskZmZpF0TTDzpKEBqc3j28w_LMeOpA=s240-c-k-c0x00ffffff-no-rj,UU6S-votuimnTiOj1WupmeAg,54660
UC6Yx8VGs8dKdaRlE4zdiUUw,"[Só na Conversa,React,Cozy,Jogos Comfy,Jogos Indies]",It's Creammy,https://yt3.ggpht.com/aIpYy5z8gCO2DmJ_24yEC1uqChoI7mhXgg58LWolUDEnhIARo0eQ15cXwEXeaiKxykk2J1Ke6g=s240-c-k-c0x00ffffff-no-rj,UU6Yx8VGs8dKdaRlE4zdiUUw,80501
UC7lKKXRY00pHoTwM_MmNcnw,"[Só na Conversa,React,Roleplay,Cozy,Jogos Comfy,Jogos Hardcore,Jogos Competitivos,Jogos Indies,Jogos de Terror,Minecraft,Roblox,VRChat,Karaoke,Arte]",KurarisuVT 🦊 VTUBER 🧡,https://yt3.ggpht.com/a2GbLwN4m-UVvuP0fdKwnRgF2nYEqU21yCgBHUqolDI1BetsOYe-7M4pVBebjxvMgxJxrQHIIg=s240-c-k-c0x00ffffff-no-rj,UU7lKKXRY00pHoTwM_MmNcnw,8315
UC7vMs1L76oLuIxPBFdjOxGw,"[Jogos Indies,Jogos de Terror,Minecraft,Arte]",VirusGhost.mp4,https://yt3.ggpht.com/wXVONBF0WNun3ojcPkip8azg3k0uRInGgVypGLmsIa3XtR42jsWwOP6DwW66eaiXG6wZXYj-Xw=s240-c-k-c0x00ffffff-no-rj,UU7vMs1L76oLuIxPBFdjOxGw,124466
UC7WOUQJ3hwdcocHvyaYMvsQ,"[Cozy,Karaoke,Jogos Comfy,Só na Conversa,Jogos Indies,Arte]",kinoko,https://yt3.ggpht.com/n1BTEuOl17U8pTzJmFRkgl_ZCCE7GL1tbfc86T1cFw4c54vLcsGQry3j72a4VvcYmou-HpnzPqo=s240-c-k-c0x00ffffff-no-rj,UU7WOUQJ3hwdcocHvyaYMvsQ,607015
UC8MecbIgesuA31g4vEhWKIw,"[Só na Conversa,React,Jogos Competitivos,Jogos de Terror]",AloneKalli,https://yt3.ggpht.com/GoKT-HDap-uuADJ5CicgJQiKbLjN7NwKMMLhQxQUL_MZb3Ym0lg0ZYiVCwqhtmB2jzb3ZwPBwQ=s240-c-k-c0x00ffffff-no-rj,UU8MecbIgesuA31g4vEhWKIw,763512
UC8SbPtoY_3u4lWEYNdnj6OQ,"[Só na Conversa,React,Podcast,Roleplay,Cozy,Jogos Competitivos,Jogos Indies,Jogos de Terror]",Mushi 🌹🐍,https://yt3.ggpht.com/_70xvFxdrdUq-G6ZUAzI-PJx8JBxgXGoMNAg8RH8QNzxMZC9cU1DqrUz6oRvWnxYF4R-co3qMaQ=s240-c-k-c0x00ffffff-no-rj,UU8SbPtoY_3u4lWEYNdnj6OQ,87832
UC8yI8WFkoibnfbpbu9nCRLg,"[Só na Conversa,Jogos Comfy,Arte]",Cosmic Wolf,https://yt3.ggpht.com/FIoiamFn6Fz2Is6Q_vjjWgi_BYl3h8bu1Fx6q1zX1r350bouBF07vNdepE0w7yPVFNtLMsn_IQ=s240-c-k-c0x00ffffff-no-rj,UU8yI8WFkoibnfbpbu9nCRLg,57506
UC8Yx-nFRnmjd4hwvMpmCgEg,"[React,Só na Conversa,Jogos Hardcore,Jogos Competitivos,Jogos Indies,React]",Haruko Shima,https://yt3.ggpht.com/MhL9meQ_jMAMlNma3eOMa_UBaUWy8tFygj4e5MbQx2OYK6XKU7o1f9P2mdjGiadoa9SaJYoKDvI=s240-c-k-c0x00ffffff-no-rj,UU8Yx-nFRnmjd4hwvMpmCgEg,138434121
UCa-x8qDr3RHb0Zc0QLSr_Xg,"[Só na Conversa,React,Roleplay,Jogos Comfy,Jogos de Terror]",Nori,https://yt3.ggpht.com/ekKS-2pY2Fzly6czdDH3P9NFMxhoVShsBRJJisVWa51fXj-6zP3Spc67zKenIKOlJJ475kbpxQ=s240-c-k-c0x00ffffff-no-rj,UUa-x8qDr3RHb0Zc0QLSr_Xg,17622
UCagjBVuJU3-_CdB7JwmspEw,"[Só na Conversa,Opinião,React,Jogos Comfy,Jogos Competitivos,Jogos Indies,Jogos de Terror,Minecraft,Karaoke]",Fyoora,https://yt3.ggpht.com/4QIwRnnauIlkr6gQ0o_u9M9qq5DBa_GAdFB2DIQazwWf9GFcnOHrXQIlVqnkXtcBNOz5WXzbAQ=s240-c-k-c0x00ffffff-no-rj,UUagjBVuJU3-_CdB7JwmspEw,22509
UCbz5muOdO6R6_IECS8RDCUQ,"[Só na Conversa,React,Cozy,Jogos Comfy,Jogos Indies,Minecraft,Karaoke]",Neil L. Krampus,https://yt3.ggpht.com/1_fl8VMFzdACgvf_15CDKHxwTCNbvbsmkNZK0_Vu-egvHW3nfeU03QsaMpiaGHVbFBwRDFA0Nw=s240-c-k-c0x00ffffff-no-rj,UUbz5muOdO6R6_IECS8RDCUQ,82664
UCc1zCBhuOLQvvLqDy2Qk_Hw,"[React,Jogos Hardcore,Jogos Indies,VRChat]",Danilo Takagi,https://yt3.ggpht.com/zXYhT_RVtNZW-_EzkZG69YZzpSX_0hVSIib9Y9tPvuga1ULl_pDh8D9yX7WBD8HK4GQPIVFNDg=s240-c-k-c0x00ffffff-no-rj,UUc1zCBhuOLQvvLqDy2Qk_Hw,26031
UCcCWs-_jFbhrMa_2rnrN5Gw,"[Só na Conversa,Opinião,React,Jogos Comfy,Jogos Indies,Minecraft,VRChat]",Sylv,https://yt3.ggpht.com/nRB-SjpH1o7Re_Ue4T_qFWFyLnNe10QYHbfoPe0bP8Cfl0RzleY63xYnsYFMVOGLHBalG92wmw=s240-c-k-c0x00ffffff-no-rj,UUcCWs-_jFbhrMa_2rnrN5Gw,106944
UCcoqQ7Ty6G0w4REu46XPuEg,"[Só na Conversa,Cozy,Jogos Comfy,Jogos Competitivos]",Dominique Sozo,https://yt3.ggpht.com/gDRp8NhSuYY2Czm-j9HpXqF0ZMWSNVvlK8AoBod8msIQqTo9DsGXLiP9B_gzL2NWq3zi6Aunow=s240-c-k-c0x00ffffff-no-rj,UUcoqQ7Ty6G0w4REu46XPuEg,92967
UCcvYdXMY3s3jWAMYg_uQEbA,"[Só na Conversa,React,Jogos Indies,Jogos de Terror,Minecraft,Roblox,ASMR]",Primários Cientista,https://yt3.ggpht.com/krzrWkwPXs6oHXpWm0QYIFKruVUxqFOnEhSbdncQc6g2rZuEVgUEeJCpWpSODnyh27DFsBHE8yk=s240-c-k-c0x00ffffff-no-rj,UUcvYdXMY3s3jWAMYg_uQEbA,166622
UCczNy9tM2GTIIxYs6kDtS3g,"[Só na Conversa,React,Jogos Comfy,Jogos de Terror]",Acquamarine Prism Ch.,https://yt3.ggpht.com/xgW1UPmewY5e1_DQX9e5uyyxlP_obfeH8SPoKLaeg1ywgzmZssuYoKss_xB3jSCS0Kpl7Tdwmw=s240-c-k-c0x00ffffff-no-rj,UUczNy9tM2GTIIxYs6kDtS3g,1172925
UCD0ZX7wHAj3vlTtv3HGn0ag,"[Só na Conversa,Jogos Hardcore,Jogos de Terror,Minecraft,Karaoke]",Kalo,https://yt3.ggpht.com/6ZyVjScClEfIXlYG0A_fpdWo7i2kV04FoRhcrAx1JnDTHLwlXRtCVyLF8u5qTYM0Gy1wFysi=s240-c-k-c0x00ffffff-no-rj,UUD0ZX7wHAj3vlTtv3HGn0ag,123246
UCdDEfqD57Ytn1ioT5mMgq8Q,"[Só na Conversa,React,Jogos Comfy,Jogos Hardcore,Jogos Competitivos,Jogos Indies,Jogos de Terror,Minecraft,VRChat]",SoYue Nyakko,https://yt3.ggpht.com/ul6s1U1FLODQlXgdo1CRyq6GhFC64DVxJqmK6k2Ybr_pTxTVNJ5NWktkOeWcatmLSnQFQrVfFZ8=s240-c-k-c0x00ffffff-no-rj,UUdDEfqD57Ytn1ioT5mMgq8Q,260547
UCdMNawxfPcexyd-J4LGs-SQ,"[Só na Conversa,Jogos Comfy,Jogos Competitivos,Jogos Indies,Minecraft,Roblox,VRChat]",RATA ROSA,https://yt3.ggpht.com/8ugWHckUXNSeh-WH2cDjIg-Tkn1zFH4HdQTlCmHE5tqV1-qbs-xQiKbHn_xEV9Q8Fg7ycmw_Ag=s240-c-k-c0x00ffffff-no-rj,UUdMNawxfPcexyd-J4LGs-SQ,200473
UCDrNpTR1GfxwXC2mbSbBCqQ,"[Só na Conversa,Jogos Comfy,Jogos Competitivos,Jogos Indies,Arte]",sheey ch.,https://yt3.ggpht.com/NG19PD6_22RtoPJQPOj-kaMDgwHnlAxDVuZaq0FM4XkMOttiEQfKep06H3B1M2_v9pKdYSVEiQ=s240-c-k-c0x00ffffff-no-rj,UUDrNpTR1GfxwXC2mbSbBCqQ,240378
UCDYcVixIckmyT6zZXIQM4Cw,"[Só na Conversa,Opinião,React,Cozy,Jogos Comfy,Jogos Hardcore,Jogos Competitivos,Jogos Indies]",Sachiko Moon,https://yt3.ggpht.com/ng4HUZX8U3eAH8ZkIoFbTujFvUmNayXW7Z5xr8SNw3a3m4CXGntY1eWrjS8wQWCyO7VZGsgl=s240-c-k-c0x00ffffff-no-rj,UUDYcVixIckmyT6zZXIQM4Cw,16278
UCEf2luadfhzXNRcu12M8-aA,"[Só na Conversa,React,Cozy,Jogos Comfy,Jogos Indies,Karaoke,Arte]",Tokkidero,https://yt3.ggpht.com/iNBkDK4EVw8QzfCn6MGPezzNfRVIjU7bDwW_R3PFjJUHudu7uZKcNd01EPIjTtbRZOyxebck3g=s240-c-k-c0x00ffffff-no-rj,UUEf2luadfhzXNRcu12M8-aA,26730
UCEqy5TjgU5e7NHj-KWjlRcA,"[Só na Conversa,Jogos Comfy,Jogos Hardcore,Jogos Competitivos,Jogos Indies,Karaoke,Arte]",Mashiron Ch.,https://yt3.ggpht.com/D1QbLIaSF_Jf3iJCcot0WvlCKnbBi-Ye0m4Gz9QnbzHvU7wH3IDMxk5-dwVdzOMaY4zBMC3A=s240-c-k-c0x00ffffff-no-rj,UUEqy5TjgU5e7NHj-KWjlRcA,910875
UCEUAZUkI4mr15h4RwHrr9sg,"[Só na Conversa,React,Cozy,Jogos Comfy,Jogos Competitivos,Jogos Indies,Minecraft,Arte]",Kym Kamisato,https://yt3.ggpht.com/LWSWbi3TUl2M8nzTlLr7A0LM0Zb_ZnsHXkSh-5RbdDLr5BZKaB-kx1QFyQ8sKwAWSe_SKr2i=s240-c-k-c0x00ffffff-no-rj,UUEUAZUkI4mr15h4RwHrr9sg,49792
UCf229ns10J0egjWYDN_cpLA,"[Só na Conversa,React,Jogos Indies,Jogos de Terror]",TuskaCarmesim,https://yt3.ggpht.com/6jna9Klr105n3IZNSlma4qSFCkgIJ44zuH2lXsinR1y9Hfq3LYo_vG4ztqZ6oy9DX_RsQzS5=s240-c-k-c0x00ffffff-no-rj,UUf229ns10J0egjWYDN_cpLA,807016
UCF4-fm1HqnWBT-gPxVpyoaA,"[Só na Conversa,React,Jogos Comfy,Jogos Hardcore,Jogos Indies,Jogos de Terror,Minecraft]",Aoki Iara,https://yt3.ggpht.com/aU1lt44q81oRUxU6YYxuiuLrlAylO-UH5NF5DTpQV5-7pk-mq1vQ8MyJaGBEF78zBmYvzGlPlg=s240-c-k-c0x00ffffff-no-rj,UUF4-fm1HqnWBT-gPxVpyoaA,792180
UCFOsTYpUaPKGwFDnFKqSq4A,"[Só na Conversa,Jogos Comfy,Jogos Indies,Jogos de Terror,Roblox,Arte]",Beniko Art,https://yt3.ggpht.com/8EneK39pJk0A6992y7jxjQU0aGsnvv53bHYB8BcZNNn6fWZ6pRa-vEdpw5rlZ5Vf9q5Ed1jV=s240-c-k-c0x00ffffff-no-rj,UUFOsTYpUaPKGwFDnFKqSq4A,46
UCFvUKcWrkEmiDhw766r8zrA,"[Só na Conversa,Opinião,Cozy,Adulto,Jogos Comfy,Arte]",MiPandy,https://yt3.ggpht.com/hrvjaSTUQ97_hQ_XfQMskxfyrjhHd0FgPEyHI9XRi-NcPA-i0Sv68m9zEx4lkMcX9c0ma47aoHY=s240-c-k-c0x00ffffff-no-rj,UUFvUKcWrkEmiDhw766r8zrA,1776
UCfZ4dIlv32g5ddk2_J2Pi0A,"[Só na Conversa,React,Jogos Competitivos,Jogos Indies,Arte]",oieusouaharu,https://yt3.ggpht.com/eql07B_xJ0yVTDNi_AzYarEOuoZWOqSGs5tDvDRkf0aL5LjRj7fvA7rDTutxJIPOwNazHL3bNA=s240-c-k-c0x00ffffff-no-rj,UUfZ4dIlv32g5ddk2_J2Pi0A,343182
UCfzoJSC6l1KA3Hi1AykoxCQ,"[Só na Conversa,Jogos Comfy,Jogos Hardcore,Jogos Competitivos,Jogos Indies,Jogos de Terror]",Mr P's Show,https://yt3.ggpht.com/MPkgN7BTI3KVvYBBkOuzlyVCSFdq9QpHmWLe0E-jXe4vJz9WvEdIHF_bsXFK_Da1qB_M02nJHA=s240-c-k-c0x00ffffff-no-rj,UUfzoJSC6l1KA3Hi1AykoxCQ,25792
UCGOWH2wsMxOzWEg9OfAYCYg,"[Só na Conversa,Jogos Comfy,Jogos de Terror,Minecraft]",Sukin Ch.,https://yt3.ggpht.com/2qU5mdQSfEnBXYeJxVFLIIzuBW_3BJAuqeBkZdZvC9InNBJUEJQkinD8rlFpuLQCMv7Vn3Bp=s240-c-k-c0x00ffffff-no-rj,UUGOWH2wsMxOzWEg9OfAYCYg,417425
UCh0f6L1OHjfIL6QcclyQvOA,"[Só na Conversa,React,Podcast,Cozy,Adulto,Jogos Comfy,Jogos Hardcore,Jogos Indies,Jogos de Terror,VRChat,Karaoke,Arte]",AkariiNyan,https://yt3.ggpht.com/GkwlQbgTEPuPJ1RpjNjtLcbMXhchXz_x0_310ArL_h54dB3Ns55c7_KDMuTxunkU_Dtdm210=s240-c-k-c0x00ffffff-no-rj,UUh0f6L1OHjfIL6QcclyQvOA,481515
UCh0pMlwfVokFWBHbH9AbSLw,"[Só na Conversa,Cozy,Jogos Comfy,Jogos Competitivos,Jogos Indies,Minecraft,Karaoke]",Inari Shino Ch。🦋,https://yt3.ggpht.com/69OcuIlcJwTOljNJDRgTEerwm9liibeAmitD6UdHh1XJE3PfXcJnTltpvuGu7dtRUYTfIFwQwA=s240-c-k-c0x00ffffff-no-rj,UUh0pMlwfVokFWBHbH9AbSLw,0
UCHdhNPiRnPmOWTcNvWDMWnA,"[React,Jogos Comfy,Jogos Competitivos,Arte]",Dream Wander,https://yt3.ggpht.com/qSspETGya7A0THZlV5ZTZS8M8yc_c-9NBMJH62Bdu6aZcOczx01pPLv41VFz7D-lJ-ex5_vMBA=s240-c-k-c0x00ffffff-no-rj,UUHdhNPiRnPmOWTcNvWDMWnA,69504943
UCHgfCRM8bcgRa_2pplxjjhA,"[Só na Conversa,Opinião,React,Cozy,Jogos Comfy,Jogos Hardcore,Jogos Competitivos,Jogos Indies,Jogos de Terror]","JJ, o Sapinho! (JojOnny)",https://yt3.ggpht.com/yfwS-rp2BC2lREvQaT23hfRJ3CuXk8nIo2p5NJ8xGaK4iNO07uRGrFfIStGd4aJ9OOwkgkzt=s240-c-k-c0x00ffffff-no-rj,UUHgfCRM8bcgRa_2pplxjjhA,12661495
UCHjrqtWTAaGTS9YOOgsTAYQ,"[Podcast,Opinião,React,Jogos Comfy,Jogos Hardcore,Jogos Competitivos,Jogos Indies,Jogos de Terror]",Sailor Nana,https://yt3.ggpht.com/xyd4mWc-0fUpm01puba-4b3-9gjorsKE45SmInqe7gkOvaJrRYdYghWvsaWo_Zy9-aEbtB4sMQ=s240-c-k-c0x00ffffff-no-rj,UUHjrqtWTAaGTS9YOOgsTAYQ,1935166
UCHXErfSb_-xot_8vjruOXTg,"[Só na Conversa,Minecraft,Roleplay]",RonaldoVTUBER Ch.,https://yt3.ggpht.com/BDQVn64ZO5q-htADidBnlnpwaQavuNH_P1WQopQqQVMgtwGwgalC287TSXFqCaCEVYPBrSrU=s240-c-k-c0x00ffffff-no-rj,UUHXErfSb_-xot_8vjruOXTg,1529501
UCIFw9tbIJbqvp757482RP4w,"[Cozy,Jogos Comfy,Minecraft,Arte]",Carnival Ten,https://yt3.ggpht.com/HrVVNw6puG5m-cMYfNckdzmgt7b8jvGM-AGEE3bQEKpGMiykJ8WzDH9V1kSIcEHq0iIwLTlzgg=s240-c-k-c0x00ffffff-no-rj,UUIFw9tbIJbqvp757482RP4w,73092
UCIpRDEnKxmREtGc9VgR3gDA,"[Só na Conversa,React,Jogos Competitivos,Jogos Indies,Roblox,Arte]",🍎PUPPIE🐶,https://yt3.ggpht.com/lbENLChK17cNAeylbbD-IGRXIpjFUojjX0JvnHFzMFpu20ipM0u67KrQOgmFfEWzRAGh8MC3=s240-c-k-c0x00ffffff-no-rj,UUIpRDEnKxmREtGc9VgR3gDA,40358
UCIWPr7IWZ_rqzaYNrCx0eKQ,"[Só na Conversa,React,Cozy,Jogos Comfy,Jogos Competitivos,Jogos Indies,Jogos de Terror,Minecraft,Arte]",Charistty,https://yt3.ggpht.com/edf5LJAMQ2LDNfZ5OJDyyeFP_LFhxnNAFftc8WcuYLqgIakse1FKV--0LAKIk2G1RB1_18GcQw8=s240-c-k-c0x00ffffff-no-rj,UUIWPr7IWZ_rqzaYNrCx0eKQ,4606
UCJ48Mf8hvwqpKB0A-G2ahWw,"[Só na Conversa,React,Jogos Comfy,Jogos Hardcore,Jogos Competitivos,Jogos Indies,Jogos de Terror,Minecraft,Karaoke]",Kurokami,https://yt3.ggpht.com/ZSRtfDUSuXxvbFKVriT-VJfsa808764Z2Ghh738FnX9t0K6har2LVMmGO1koHkVPOg_uo4dHog=s240-c-k-c0x00ffffff-no-rj,UUJ48Mf8hvwqpKB0A-G2ahWw,1183452
UCjfhMU7VPeXibObIw_eHNEw,"[Só na Conversa,Jogos Comfy,Jogos Competitivos,Jogos Indies,Jogos de Terror,VRChat]",Lynx,https://yt3.ggpht.com/61eIOOWkQxBPuQNFKHlmA9mXxgXGr0HThHIAWbVf0yztMTjGeul-EfkaMZ_08pEH43G99ejRRJ8=s240-c-k-c0x00ffffff-no-rj,UUjfhMU7VPeXibObIw_eHNEw,36537
UCjFj-mxQ-3tWuZRvpYjphxg,"[Só na Conversa,React,Jogos Competitivos,Jogos Indies,Jogos de Terror,Minecraft]",Corva Peregrina,https://yt3.ggpht.com/4DNvHawmgZJWwPm_patmTBxRqxFEAUSv7nSz5DY125TK6swL_Vz-zrEfxPteczpc-nqdTbit0sU=s240-c-k-c0x00ffffff-no-rj,UUjFj-mxQ-3tWuZRvpYjphxg,102898
UCjfRXykWQVDSty9_y_vWbBA,"[Jogos Hardcore,Jogos Indies]",Guster Pitaya,https://yt3.ggpht.com/VUXuHeoCLjzzJQlWRoocpV2sdcgpMq3oNbh9Q2QqKKLeyOpXdgkq6nnGZYnIx6VLpsq00wxZkg=s240-c-k-c0x00ffffff-no-rj,UUjfRXykWQVDSty9_y_vWbBA,381
UCJG9yQ_p-Ca3hoTXf_9cLgA,"[React,Cozy,Jogos Hardcore,Jogos Indies]",Aurore Mayh,https://yt3.ggpht.com/jxwVB-npC3vA8Uyp1KD1PIaSL5BCoTQedKLPqaTOO89WC3B5NjWpsDkbrzqfMgkWKWRvvnxt9g=s240-c-k-c0x00ffffff-no-rj,UUJG9yQ_p-Ca3hoTXf_9cLgA,28581
UCjhMbPEnoSCfqgzrAFe5efQ,"[Só na Conversa,Cozy,Jogos Comfy,Jogos Hardcore,Jogos Indies]",Quem é Mega?,https://yt3.ggpht.com/x0TeD9JoIvNwDV1WZ-jqJtdGrIQ6RdMR8f6Oe5y1eq2eWX6XCZNPssnxtahqUVNoLDZNeFDA0Q=s240-c-k-c0x00ffffff-no-rj,UUjhMbPEnoSCfqgzrAFe5efQ,582461
UCJQUvD5Qer362GGSv1rcz5Q,"[Só na Conversa,React,Roleplay,Adulto,Jogos Competitivos,Jogos Indies,Jogos de Terror,VRChat,Karaoke,ASMR]",PJLOBINHO,https://yt3.ggpht.com/lg-xuW4G6SQz2JmBBgHsz0cZjkMP8o7nCP8FUe6_kpYc_xYc-QctoOkrj3wjXaBN9zPDEscI=s240-c-k-c0x00ffffff-no-rj,UUJQUvD5Qer362GGSv1rcz5Q,40485
UCJU5qPLXegp33tSDw-riANA,"[Só na Conversa,React,Cozy,Jogos Comfy,Jogos Competitivos,Jogos de Terror,Minecraft,Karaoke,Arte]",Niikkio,https://yt3.ggpht.com/30CsuLdHppzmIlOyjQK05IL4BxBCE8TNH0N_sywBABXCXRIDQ0yRGiXrSXBIraEUIBs7VQ8xejE=s240-c-k-c0x00ffffff-no-rj,UUJU5qPLXegp33tSDw-riANA,111805
UCjvhL1fd9jcqR1vdNFEVqWg,"[React,Jogos Comfy,Jogos Hardcore,Jogos Competitivos,Jogos Indies,Jogos de Terror,Roblox]",Ryo Kohakai,https://yt3.ggpht.com/F1vCbeDGSdaZKwv194Vbku27yk4fRq1t_8wuE0JzvOueXHBNKrM68a0soONsqfVYPY_N-Rwy4Q=s240-c-k-c0x00ffffff-no-rj,UUjvhL1fd9jcqR1vdNFEVqWg,301634
UCJwvEybxwweqQhzg8z9vUkg,"[Só na Conversa,Roleplay,Jogos Comfy,Jogos Competitivos,Jogos Indies,Jogos de Terror,Minecraft]",Alfar,https://yt3.ggpht.com/1027G0GmgItZdO0sFkEl3Vcl1APSF7xRvVKUUBrltd3evs8xM3HlZmuvf2TqmsrDCTOwY3_-=s240-c-k-c0x00ffffff-no-rj,UUJwvEybxwweqQhzg8z9vUkg,154975
UCKF8IQcFdzyBEkzqvSXHoBg,"[Só na Conversa,React,Jogos Comfy,Jogos Hardcore,Jogos Competitivos,Jogos Indies,Jogos de Terror,Minecraft]",Khassak,https://yt3.ggpht.com/3exl_ByEZqXYIBRM9p9fl18AnVSrASYYJp1D3AIley8-quuhcPrFoM955Oo9540lbK3S4kE_Yw=s240-c-k-c0x00ffffff-no-rj,UUKF8IQcFdzyBEkzqvSXHoBg,84087
UCkH2OI5nTbIqlWsS-pD1mwA,"[Só na Conversa,React,Cozy,ASMR]",Agnes Kairi,https://yt3.ggpht.com/dLjQEmQ2fPybGXKSMjeYBtbLrO-cB1Ph58x_BIo7nK8N6sBjBzE_YKPwYyxysQXW-qXoOiUNzw=s240-c-k-c0x00ffffff-no-rj,UUkH2OI5nTbIqlWsS-pD1mwA,109390
UCkqrBXgX2uj_p2BeaG4T83w,"[Só na Conversa,Opinião,React,Jogos Comfy]",panshee,https://yt3.ggpht.com/oLkWvZhciyCr9r8jT51f22Af2shgR5kGaUWIfRjvMBoiu4lgl6iaQZUFgV3czSGivoSpxCkx-w=s240-c-k-c0x00ffffff-no-rj,UUkqrBXgX2uj_p2BeaG4T83w,516725
UCKR1snfbfMFQcTgvGM3-2Xw,"[Cozy,Jogos Comfy,Jogos Indies,Minecraft,Arte]",Allaer Salvoro,https://yt3.ggpht.com/MV_6V-WjZ85EmfvzHKj3UArK-Z5n2N3spO8nplpZsuHBZj3U2ayf5Jv0skiZ7SNu1AgTtHwDmw=s240-c-k-c0x00ffffff-no-rj,UUKR1snfbfMFQcTgvGM3-2Xw,96714
UCLF50lv9bIbnyLdZA9Eo-Xg,"[Jogos Comfy,Jogos Hardcore,Jogos Competitivos,Jogos Indies,Jogos de Terror,Minecraft]",Kata Kyonai,https://yt3.ggpht.com/xVdt32SF4SEtYYtlkE-FBmyiY_FKtsJkZgpGJz0vUy4g9KCQaTTRTldTPeZbNngSsKVBPvmC=s240-c-k-c0x00ffffff-no-rj,UULF50lv9bIbnyLdZA9Eo-Xg,11248
UClJDPLqgC_hcWexhemRtGFQ,"[Só na Conversa,React,Roleplay,Jogos Comfy,Jogos Hardcore,Jogos Competitivos,Jogos Indies,Jogos de Terror,Minecraft,Roblox,VRChat,ASMR,Arte]",Fumi san,https://yt3.ggpht.com/h0miYk7UVUT552MWRM6uwZ05Rp7sEtjuk3GDfyJeB73AsFs48HU3uX3Updc6PgODIv_7ihkwmw=s240-c-k-c0x00ffffff-no-rj,UUlJDPLqgC_hcWexhemRtGFQ,109014
UClVlftQy0W4j94EEmeyS0tg,"[Só na Conversa,Cozy,Jogos Comfy,Jogos Hardcore,Jogos Indies,Jogos de Terror,Minecraft,Roblox]",LuriZeero,https://yt3.ggpht.com/oekh8xqKkGnfc6AkZHO86SF7ZqMu0_nGVYlS2snt6cNO_2RPB8EugLSdb8PB0B_BdJEuB0QwHg=s240-c-k-c0x00ffffff-no-rj,UUlVlftQy0W4j94EEmeyS0tg,39031
UCM2rBT0XjF8miUJ0qkrrOVQ,"[Só na Conversa,Opinião,Minecraft]",Nine Demon,https://yt3.ggpht.com/2bLfdS07gCzrMzO_WA2NK5sNBCXeTNRFS865IkuGzbcf_g63V7n_-U2SJkXXGWAZvwHcacCfZME=s240-c-k-c0x00ffffff-no-rj,UUM2rBT0XjF8miUJ0qkrrOVQ,27082
UCMhlv6ThIO0BLJW0UgnmuHw,"[Só na Conversa,Jogos Comfy,Jogos Competitivos,Jogos de Terror,Karaoke,Arte]",Burrinha Bocó,https://yt3.ggpht.com/epydrSNUFvDaJmKWTtpBxdrBPeOq8KH6X-Zk122Uox9ErRb_E5Hr34R5lvASbbUSM5h6YjAa=s240-c-k-c0x00ffffff-no-rj,UUMhlv6ThIO0BLJW0UgnmuHw,21018
UCMJnJit_vs6H45AuUVe6P5w,"[Só na Conversa,React,Podcast,Jogos Hardcore,Jogos Competitivos,Jogos Indies,Jogos de Terror]",RickGPengy,https://yt3.ggpht.com/nYkphiZzQFSaJLusRee4TzdGKpHTxXYW-Yisv40RjA4HqnMZWMoU4xY-XAEhG5NlX2_lc_tepw=s240-c-k-c0x00ffffff-no-rj,UUMJnJit_vs6H45AuUVe6P5w,42488
UCmQhwPRY02xM9DTrDDW9s3w,"[Só na Conversa,Cozy,Jogos Hardcore,Jogos Indies,Arte]",Zé Madera,https://yt3.ggpht.com/OQ7OcyHwipZN-KVCfPWcPA4e6Zkf6qArk4DA-kYZP4eghjs-zt2RVggRHBboj3Fszp_QeHDc4Ag=s240-c-k-c0x00ffffff-no-rj,UUmQhwPRY02xM9DTrDDW9s3w,138730
UCmuOpZcOpKdOueWPo7pHKkA,"[Só na Conversa,Jogos Comfy,Jogos Indies,Jogos de Terror,VRChat]",Rickxyy,https://yt3.ggpht.com/at3AiFYuyXnRvUrwKtdU-ptXe4s2TvklL31WldTyUhBioYUZRrY6weZSnyleIylT2AkzIPia_zA=s240-c-k-c0x00ffffff-no-rj,UUmuOpZcOpKdOueWPo7pHKkA,5335344
UCmX05X0JLG3mrNOtc1Q9tww,"[Só na Conversa,React,Cozy,Jogos Comfy,Jogos Indies,Jogos de Terror,Minecraft,Roblox]",Nahime ch.,https://yt3.ggpht.com/ZyHlVzSv2NvnydERVrb27elLIFJY3GvXgQKnYp2B7n6X3j2Lb_3rb89TN6jGTVcJ2n0QjIr-tcU=s240-c-k-c0x00ffffff-no-rj,UUmX05X0JLG3mrNOtc1Q9tww,259860
UCnd5yEOGATMrmF-JEZ72-lw,"[Só na Conversa,Podcast,Jogos Indies,Minecraft]",SINBA!,https://yt3.ggpht.com/xe6mP7jJ2NIsOedCHX1r2V3g0hejXavkTHy9EC1hEkeKxmfxr7bxlZPIxDLGf6UmHSVQOC0LeA=s240-c-k-c0x00ffffff-no-rj,UUnd5yEOGATMrmF-JEZ72-lw,4419
UCnQYd4EAL39MEOyQPZ1GPfg,"[Só na Conversa,Opinião,React,Cozy,Adulto,Jogos Comfy,Jogos Hardcore,Jogos Indies,Jogos de Terror,Minecraft,Roblox,VRChat,Karaoke]",Wapina_Kinasta,https://yt3.ggpht.com/DURTgndI70yA6j_4M8fRvA7PNL58LU0e9m9VXqnOfmAG8VFpjiDhcWuRLBN7G-3eNsm77r87=s240-c-k-c0x00ffffff-no-rj,UUnQYd4EAL39MEOyQPZ1GPfg,2675
UCo24qQYVeVrnYPtg9W6p-6w,"[Só na Conversa,React,Roleplay,Jogos Indies,Minecraft]",Plumerina,https://yt3.ggpht.com/C7ZDKQDbivm62HvmI1n_4IvWoupxCxbWB3RTvVn8vAgMXSoMZ0CuF2lC2Adyk7BrDb4cmU9SUg=s240-c-k-c0x00ffffff-no-rj,UUo24qQYVeVrnYPtg9W6p-6w,1946131
UCoccXqJaDNlpo7ttPbxj_rw,"[Só na Conversa,React,Jogos Comfy,Jogos Competitivos,Jogos de Terror,Minecraft,VRChat]",Lully Pop Channel,https://yt3.ggpht.com/UEn20YW3uBOYSQRQZOe8Dpw036WavmMTvXdaml1B0XEh3Qnne-4mx4IOHoQ9hhCJWcdoKJRIm-g=s240-c-k-c0x00ffffff-no-rj,UUoccXqJaDNlpo7ttPbxj_rw,575920
UCPBc5GdD4Nk0ly65MYq5QxA,"[Só na Conversa,React,Jogos de Terror,Minecraft,Roblox]",Pricernot,https://yt3.ggpht.com/GhuUeeFIqn2lCMqoTrDYC5ZVIz-hF03CJajhyp8rRJOTtRSY0R4yI1AFc_qh4e7c9Vf84_tlMw=s240-c-k-c0x00ffffff-no-rj,UUPBc5GdD4Nk0ly65MYq5QxA,20051402
UCPDFy17EjuOVQpmuSg_4rzA,"[Só na Conversa,React,Roleplay,Jogos Comfy,Jogos Hardcore,Jogos Competitivos,Jogos Indies,Jogos de Terror,Minecraft,Roblox,Karaoke]",MeHoly,https://yt3.ggpht.com/uprOMJSjj9U2s_o5cvSDau0s8oP8BE6iHMZXZx66Aa0fGl72KRpoGMho1bfAINjM99kYCXWB=s240-c-k-c0x00ffffff-no-rj,UUPDFy17EjuOVQpmuSg_4rzA,20634
UCPoFBNcrXG8nH3UUm_Krmlg,"[Só na Conversa,React,Jogos Hardcore,Jogos Competitivos,Jogos Indies,Jogos de Terror,Minecraft,Roblox,Arte]",Baion,https://yt3.ggpht.com/3m5--lbjZAULiW8Z8JJEq1julxgMOTJqJeC5BFsHL9b6TouCirvTTtE4dwSSvsI7UkUm_RKWd6E=s240-c-k-c0x00ffffff-no-rj,UUPoFBNcrXG8nH3UUm_Krmlg,42568
UCpwncrENeQPUbSR1Kl_zygw,"[Só na Conversa,Jogos Comfy,Jogos Indies,Arte]",vt_Luma,https://yt3.ggpht.com/nRTbAB20hFiL5UtgnHl_tr0AryHD6KqPTpyIQP7vwRfCjidyCfQyRcx_Z_P_uTtX6Mfy6bEs8g=s240-c-k-c0x00ffffff-no-rj,UUpwncrENeQPUbSR1Kl_zygw,43774
UCQ7OiRAdJCm-EkgLbrb272w,"[Só na Conversa,React,Roleplay,Cozy,Jogos Comfy,Jogos Competitivos,Roblox]",Amefuri,https://yt3.ggpht.com/yEtV-yBobk8a7zCnHemg9VOmGcpWp8v3PmmYb7iy3ccoiI5VTSTTnVGQ4qCORvPlQai3Fy4d=s240-c-k-c0x00ffffff-no-rj,UUQ7OiRAdJCm-EkgLbrb272w,1039
UCRaXYbTUAYN4GK2guDpxN0w,"[GFE,Roleplay,Roblox,Só na Conversa]",Inana Cake,https://yt3.ggpht.com/46SqQLdFSwG6xHE1XJ2PUuwd4_TPv7goH_nDGv_7Pwkrd1ztr9R5eGRo_wQ33SG6Bak_74_A=s240-c-k-c0x00ffffff-no-rj,UURaXYbTUAYN4GK2guDpxN0w,126850
UCrBTsL5RJ7E0ZkVkQoowMrw,"[Só na Conversa,Roleplay,Jogos Competitivos]",Leo Kishibe,https://yt3.ggpht.com/qjv-EYgWs3KaeOFrAvQLeo6Sd87GRtWrVkjz5latIEKchuv4C7OFEhoAffaqT68d9bZz6kSW5A=s240-c-k-c0x00ffffff-no-rj,UUrBTsL5RJ7E0ZkVkQoowMrw,1122410
UCRgkOvLSpbNEEe2-Xt_El4A,"[Só na Conversa,React,Cozy,Jogos Comfy,Jogos Competitivos,Jogos Indies,Jogos de Terror,Roblox]",Yuunyu,https://yt3.ggpht.com/y_i1rGVImWPGuUVeq8zMgDl8J5RtVi5y4tpEZ60zYbVwIilPV_CvL12V9eN5r52YQmp_j99rUkY=s240-c-k-c0x00ffffff-no-rj,UURgkOvLSpbNEEe2-Xt_El4A,126936
UCs23DCMFi1Q62BnVlDNJ_Mw,"[Só na Conversa,Opinião,React,Roleplay,Cozy,Jogos Comfy,Jogos Competitivos,Jogos Indies,Karaoke]",Hibiscoito,https://yt3.ggpht.com/9qk8orGVVDJcBp09wKQtOEGIAjOFi4jMZedyw-jHtqGgC98LjFWvoqWV8-nn1o6BMbuZDp-SWcM=s240-c-k-c0x00ffffff-no-rj,UUs23DCMFi1Q62BnVlDNJ_Mw,666038
UCS6HZTDc7_4acetfYOJwKLg,"[Só na Conversa,Opinião,React,Cozy,Jogos Comfy,Jogos Indies,Jogos de Terror,Minecraft,Roblox,Karaoke]",RhysandVT,https://yt3.ggpht.com/T-q-30v3YRIWb20sCQY0MCzzo1w7e88rPWcfXSshGlCQucnoNhS0d5T9a4NrEM4ksH3Y-uc4=s240-c-k-c0x00ffffff-no-rj,UUS6HZTDc7_4acetfYOJwKLg,26561
UCtcH8r-8l59QhgNE5plnwgw,"[Cozy,Jogos Comfy,Só na Conversa,Jogos Indies,Arte,Jogos Competitivos,Podcast,React]",Moori,https://yt3.ggpht.com/PF58gaNrjh4CBd_-i74F0HIzLp9vVlNP_-NXTsHiVJ1nGwkNCSuIZyuY6GggghVr6Sx6gQUe=s240-c-k-c0x00ffffff-no-rj,UUtcH8r-8l59QhgNE5plnwgw,1824404
UCTDhviD6p8MkN2ZXtijSWFg,"[Jogos Comfy,Jogos Indies,Jogos de Terror,Minecraft,Roblox]",Aizen Nozomi,https://yt3.ggpht.com/xD9GQXurBqyQaMTmvMlDKVN3Xe78apUrXZ6PoSL9Tai2zjfj18oeozacL3NlvNVO00fCTMgg=s240-c-k-c0x00ffffff-no-rj,UUTDhviD6p8MkN2ZXtijSWFg,73712
UCtFfhJVh8Jllbf87pJ0s3YA,"[Só na Conversa,React,Jogos Comfy,Jogos Hardcore,Jogos Competitivos,Jogos de Terror,Roblox,VRChat,Karaoke,Arte]",Isys,https://yt3.ggpht.com/wlULVTyGueSfOgm-RfGfub2kgG3YK7x8h9CuIG7MLwvQ03ITFEkVXuY7WKjbyjF3unv85nxwOZ8=s240-c-k-c0x00ffffff-no-rj,UUtFfhJVh8Jllbf87pJ0s3YA,6802
UCTOlA909tAlU3hKBVOqnuew,"[Só na Conversa,React,Roleplay,GFE,Karaoke,ASMR]",Carolita,https://yt3.ggpht.com/H1-62Xj4qyyRkEH90QRS-jNskoqBFS_xrVTUOWGGRp72tEtngmwtCQgeXABJ-Nhrb4rY4XB0MQ=s240-c-k-c0x00ffffff-no-rj,UUTOlA909tAlU3hKBVOqnuew,1195827
UCU4xowbPC3fuyNJupG8A9og,"[Só na Conversa,Jogos Indies,Jogos de Terror,Roblox,Karaoke,Arte]",Cantinho da Titia Ashley,https://yt3.ggpht.com/IH68myqobxGOf4wGlEn65woHi1rB8q6gIam5VnoDN5_U2D6ZlyjSKjBbcvb1h4sgsmXAMg5Q=s240-c-k-c0x00ffffff-no-rj,UUU4xowbPC3fuyNJupG8A9og,1563721
UCUAqFfLaediucCMaL_6QVeQ,"[Só na Conversa,React,Jogos Comfy,Jogos Hardcore,Jogos Indies,Jogos de Terror]",Freppis,https://yt3.ggpht.com/6TKr7TSBa3hCtUnIx252ync2JSV_ay-ZwLV1iZj7ax3af4wx0MRQUNScDVGUkw9WDqcuoZRFfg=s240-c-k-c0x00ffffff-no-rj,UUUAqFfLaediucCMaL_6QVeQ,333082
UCuC09YZ6_J99ia50XcthWuQ,"[Só na Conversa,React,Roleplay,Cozy,Adulto,Jogos Comfy,Jogos Hardcore,Jogos Competitivos,Jogos Indies,Jogos de Terror,ASMR]",Naokon,https://yt3.ggpht.com/SX9uC11bcgtkOtxdG0y_e7-u_jnGYMwQ_YdGgbmHQsqChfpZZ8OkwjiofBwa98HOx2LPZqxhdg=s240-c-k-c0x00ffffff-no-rj,UUuC09YZ6_J99ia50XcthWuQ,44343
UCuCUFS88ipaZAbM_rpGpSsA,"[React,Jogos Comfy,Jogos Hardcore,Jogos Indies,Jogos de Terror,Arte]",Lady Dandeliion,https://yt3.ggpht.com/p7tS_rJAREmaDAkmat7d0BNw9x_r1VC-1IBIOzp55Z7CPduxKVH7w7K5xqyc1Cx7h4KZcwlV32k=s240-c-k-c0x00ffffff-no-rj,UUuCUFS88ipaZAbM_rpGpSsA,13595
UCuNBmA21RobRBFLlwakMXSw,"[Só na Conversa,React,Cozy,Jogos Comfy,Jogos Hardcore,Jogos Indies,Jogos de Terror,VRChat]",Jessikirby Lives,https://yt3.ggpht.com/OxVi4K8Kxfd0s425URaYcpX6ywC1mIkdV6jR3zeeZrABn4czzuapiO2EnByQFk6qVi_Xsh9w=s240-c-k-c0x00ffffff-no-rj,UUuNBmA21RobRBFLlwakMXSw,53292
UCUrHWXJe_mfHFt8USIwH09g,"[Só na Conversa,React,Roleplay,Cozy,Adulto,Jogos Comfy,Jogos Competitivos,Jogos Indies,Jogos de Terror,Minecraft,Arte]",Madame Ruby,https://yt3.ggpht.com/69-P1iRnq-T0BEuWlv7uRLovH-UNpsemgeMBSlUBM_kx3PLUbiJgByWYmxNR5ADOXtT5EnDW=s240-c-k-c0x00ffffff-no-rj,UUUrHWXJe_mfHFt8USIwH09g,27240
UCUTCBP8xn_OS3SYgi1wkyig,"[Jogos Indies,Jogos de Terror,Minecraft,VRChat]",ponzu,https://yt3.ggpht.com/GVrA0NXeYcEYWbJHq3t3JvUjhukAvj72bRaq7AfefN6f7qkSPq3x-Ae91H0gWtzdTlKqo5H1_Q=s240-c-k-c0x00ffffff-no-rj,UUUTCBP8xn_OS3SYgi1wkyig,478880
UCV6MFrPI41wIYl3oqw1-r0A,"[Só na Conversa,Jogos Comfy,Jogos Indies,Jogos de Terror,Karaoke,Arte]",Hoshino Nanami,https://yt3.ggpht.com/xKODJ2DJbcaaOlegOoRY5SH1GKuFumN9faw0eP9UGJTMEaznQAky0NVsZD8Q8OtvX-3WTiuyjp0=s240-c-k-c0x00ffffff-no-rj,UUV6MFrPI41wIYl3oqw1-r0A,58531
UCv87-hCBmdindZxYMB0gXZA,"[Só na Conversa,Opinião,React,Podcast,Roleplay,Cozy,Jogos Comfy,Jogos Competitivos,Jogos Indies,Jogos de Terror,Minecraft,Roblox,Karaoke,Arte]",Changzinea,https://yt3.ggpht.com/yN2Sl4B06wpO0gNJhuXAGDiWqRncOu2vE8CgyJarWNN1s7M87_X7BiR6mHzvZBVPpOdJ4HbvCA=s240-c-k-c0x00ffffff-no-rj,UUv87-hCBmdindZxYMB0gXZA,81808
UCvDiTjCjUORUW6jYp3tHt6Q,"[Só na Conversa,Jogos Comfy,Jogos Indies,Jogos de Terror,Minecraft,Roblox]",Shinjiro,https://yt3.ggpht.com/kGNlklWi7SB_Yzowv1u5eddJe846vK-fnFLIvG_oyPNMJQkmC_glplOvSsv3bLjZ-CUl57sUsg=s240-c-k-c0x00ffffff-no-rj,UUvDiTjCjUORUW6jYp3tHt6Q,19715
UCVoUCOwfnhCRfPP3Ijf9efw,"[Só na Conversa,React,Jogos Comfy,Jogos Hardcore,Jogos Competitivos,Jogos Indies,Jogos de Terror,Minecraft,Roblox,VRChat,Karaoke,ASMR]",oNandoNando,https://yt3.ggpht.com/KydX3oO6ZliZhBIYz6xaW87s25Q0nPxcDu8bcD-pmceP_wTqWbu_sKPGcZZRgRnas5t_AGonvg=s240-c-k-c0x00ffffff-no-rj,UUVoUCOwfnhCRfPP3Ijf9efw,20524944
UCW_cqYDY_jhiOtBXh4PMBJA,"[Só na Conversa,Jogos Comfy,Jogos Indies,Karaoke,Arte]",V Bubble Gum,https://yt3.ggpht.com/2pLeIGHZdeFYWtadtuXlg4gWTMy2AbOgTSTm0E8eZJznHTsvUWKeRwd2zA6o67SWDcEcCBQCTA=s240-c-k-c0x00ffffff-no-rj,UUW_cqYDY_jhiOtBXh4PMBJA,60586
UCWn0V-Ft8VYcFNAJjRJ7Rlg,"[Só na Conversa,Cozy,Jogos Comfy,Jogos Hardcore,Jogos Competitivos,Jogos Indies,Jogos de Terror,Roblox,Karaoke]",Macchi VT,https://yt3.ggpht.com/wlm25cmoAJp4hR9DRZLKPVyANEi0ozyNkDHlzjA7xQZlU5PgL50ZhP9xx253s77XjdUf1JWl3w=s240-c-k-c0x00ffffff-no-rj,UUWn0V-Ft8VYcFNAJjRJ7Rlg,78106
UCWr-SoeLPqE4uowVHUcZAaQ,"[Só na Conversa,Opinião,React,Jogos Comfy,Jogos Hardcore,Jogos Competitivos,Jogos de Terror,Minecraft,VRChat]",Yuki Fantasy,https://yt3.ggpht.com/1qm2jQsrkF95vMdgkVVtG8ntH28IQi4hT2XtGdJBk6Sb_y6C_gJARFxpYv7cVNR4PUh24hdminc=s240-c-k-c0x00ffffff-no-rj,UUWr-SoeLPqE4uowVHUcZAaQ,54892
UCWw5pS2hrro8D9rwPsolv5g,"[Só na Conversa,Jogos Indies,Karaoke,React]",Deusa Maah Ch.,https://yt3.ggpht.com/qYPYQuqHoICGHUCm7A_ZyCR7yxhe1tUTxH7WvYmohf0L4a0Da7Jxf1NVJSdPEor6ofMa-TcxJQ=s240-c-k-c0x00ffffff-no-rj,UUWw5pS2hrro8D9rwPsolv5g,968946
UCwx_QnXBRgoBSNsWIP3BEVw,"[Só na Conversa,Opinião,React,Arte]",MayazinhaIX,https://yt3.ggpht.com/qckGKVumDHqXFqEB8ErlTbER_SsJh5r4PZs7y30-Z7wJB9x6KcVtaIccZ_ZBpvGyPuMNKmnIvw=s240-c-k-c0x00ffffff-no-rj,UUwx_QnXBRgoBSNsWIP3BEVw,267429
UCXj-lNVpF47Q-xET46Jin2Q,"[Só na Conversa,Opinião,React,Podcast,Roleplay,Cozy,Jogos Comfy,Jogos Hardcore,Jogos Competitivos,Jogos Indies,Jogos de Terror,Minecraft,Roblox,Karaoke,Arte]",SagiriMono,https://yt3.ggpht.com/OFdpPDaQuDlvppO01M38Op4S3aIxqPoXEicmRi6R2zIob8trlrzt8ZsMBKhKddHCBeTSoY6w=s240-c-k-c0x00ffffff-no-rj,UUXj-lNVpF47Q-xET46Jin2Q,4855
UCxqlGTQMUhE-sD95JRleNvA,"[Só na Conversa,Opinião,React,Podcast,Roleplay,Jogos Comfy,Jogos Hardcore,Jogos Competitivos,Jogos Indies,Jogos de Terror,Roblox,VRChat,Karaoke,ASMR]",Ed Audacioso,https://yt3.ggpht.com/KphGkURBeo3RZffuxrXakG6TiAmN2pOCxfB0CerNTb7SIz5Vcr3ZCsnkiFjFp-aVWGemZQTsOg=s240-c-k-c0x00ffffff-no-rj,UUxqlGTQMUhE-sD95JRleNvA,16682
UCXw0mjliDFc-ZUfj99bxUIA,"[Só na Conversa,React,Roleplay,Cozy,Jogos Comfy,Jogos Indies,Jogos de Terror,Minecraft,Roblox,Karaoke]",Daxlian,https://yt3.ggpht.com/PsVuBWO4T7KN7t9CF0i7AY4PYZOhxJSf8YS5xSd-GwdKOHQKrofxg27ZEHoW2_-vVh2bcEFtRxg=s240-c-k-c0x00ffffff-no-rj,UUXw0mjliDFc-ZUfj99bxUIA,1173173
UCy9GRwzmWGOx7vQFzAWRmYw,"[Só na Conversa,Opinião,React,Jogos Comfy,Jogos Hardcore,Jogos Competitivos,Jogos Indies,Jogos de Terror,VRChat,Karaoke,Arte]",Vivi Belphegor,https://yt3.ggpht.com/KN9Gx8e6Rm2P7tmRxjf2ybQfPFfSyoTnk63DwzNex4YUMolw5-b8soMLxEV2BjjB-tHO91PluHk=s240-c-k-c0x00ffffff-no-rj,UUy9GRwzmWGOx7vQFzAWRmYw,5517
UCyHuiaWcvt1d8uHsE4D6-EA,"[Só na Conversa,Opinião,React,Roleplay,Jogos Comfy,Jogos Hardcore,Jogos Indies,Jogos de Terror,Minecraft,Roblox]",Cantinho Da Pudim 💛🐻,https://yt3.ggpht.com/NWam83ywsBxSaQ6Gfinva2W_qfVvb_eUfRk_J67hQ7VsIZlyAsgGQkvPz-LK57zDLvbn7ySN=s240-c-k-c0x00ffffff-no-rj,UUyHuiaWcvt1d8uHsE4D6-EA,141718
UCyQRMGjIckux8rFtAg3o15w,"[Só na Conversa,React,Jogos Comfy,Jogos Competitivos,Jogos de Terror,Minecraft,Roblox,Karaoke,ASMR]",Yuta Peach,https://yt3.ggpht.com/GWStmxq40sVk-2eK_GnuHEHevHfJOsxi2Wrgz-fAPrEb09iT_1aAj5m7DC0NsRZ1mmz0OB1u=s240-c-k-c0x00ffffff-no-rj,UUyQRMGjIckux8rFtAg3o15w,4357
UCZh4HNlwN0ADJfv7yu15Svg,"[Só na Conversa,Cozy,Jogos Comfy,Jogos Indies,Roblox,Arte]",Allymon,https://yt3.ggpht.com/pjkfdDhX703321IFdS-FIDXTQuAkbmMbc6UF4H9Ha3H2zVhzhC4f4wcAr_hWaJxO8ZxknQ_D=s240-c-k-c0x00ffffff-no-rj,UUZh4HNlwN0ADJfv7yu15Svg,17700
